a1.0.1_01,1278112796
a1.0.2_01,1278422844
a1.0.2_02,1278441872
a1.0.3,1278529165
a1.0.4,1278688374
a1.0.4-launcher,1278688374
a1.0.5-2149,1279057791
a1.0.5_01,1279140388
a1.0.6,1279279766
a1.0.6_01,1279386204
a1.0.6_03,1279391100
a1.0.7,1279560238
a1.0.8_01,1279582838
a1.0.9,1279711833
a1.0.10,1279817834
a1.0.11,1279895799
a1.0.12,1280160537
a1.0.13,1280334603
a1.0.13_01-1038,1280399896
a1.0.13_01-1444,1280414692
a1.0.14-1603,1280505804
a1.0.14-1659,1280509155
a1.0.14-1659-launcher,1280509155
a1.0.15,1280864845
a1.0.16,1281629904
a1.0.16_01,1281636006
a1.0.16_02,1281691814
a1.0.17_02,1282310628
a1.0.17_03,1282580551
a1.0.17_04,1282598657
a1.1.0-101847,1284144447
a1.1.0-101847-launcher,1284144447
a1.1.0-131933,1284406411
a1.1.1,1284830996
a1.1.2,1284843288
a1.1.2_01,1285245560
a1.2.0-2057,1288472246
a1.2.0_01,1288475250
a1.2.0_02,1288533147
a1.2.0_02-launcher,1288533147
a1.2.1_01,1288951302
a1.2.2-1624,1289406252
a1.2.2-1938,1289417910
a1.2.3,1290590582
a1.2.3_01-0956,1290592562
a1.2.3_01-0958,1290592709
a1.2.3_02,1290701545
a1.2.3_04,1290776384
a1.2.3_05,1291140412
a1.2.4_01,1291142542
a1.2.5,1291216127
a1.2.6,1291385898
b1.0,1292866137
b1.0_01,1292869768
b1.0.2-0841,1292920904
b1.1-1245,1293021910
b1.1-1255,1293022530
b1.1_01,1293022920
b1.1_02,1293023696
b1.2,1294935268
b1.2_01,1295011600
b1.2_02,1295618277
b1.2_02-launcher,1295618277
b1.3-1713,1298394784
b1.3-1733,1298396006
b1.3-1750,1298397074
b1.3-demo,1303240340
b1.3_01,1298470263
b1.4-1507,1301584044
b1.4-1634,1301589316
b1.4_01,1301991999
b1.5,1303220253
b1.5_01,1303302694
b1.6,1306400258
b1.6.1,1306401548
b1.6.2,1306402345
b1.6.3,1306416012
b1.6.4,1306418981
b1.6.5,1306595612
b1.6.6,1306845669
b1.7,1309441055
b1.7_01,1309444501
b1.7.2,1309520900
b1.7.3,1310111031
b1.8-pre1-081459,1315494246
b1.8-pre1-091358,1315576893
b1.8-pre2-121559,1315843172
b1.8-pre2-131225,1315917666
b1.8,1315993659
b1.8.1,1316075312
b1.9-pre1,1316701289
b1.9-pre2,1317300895
b1.9-pre3-1350,1317909129
b1.9-pre3-1402,1317909831
b1.9-pre4-1415,1318515345
b1.9-pre4-1435,1318516571
b1.9-pre5,1319726208
b1.9-pre6,1321025740
